{"cameraMode":{"drawMode":0,"name":"Shaded","section":"Shading Mode"},"sceneLighting":true,"audioPlay":false,"sceneViewState":{"showFog":true,"showMaterialUpdate":true,"showSkybox":false,"showFlares":true,"showImageEffects":true,"showParticleSystems":true},"in2DMode":false,"pivot":{"x":3.331763744354248,"y":3.8398075103759767,"z":-9.232583045959473},"rotation":{"x":-0.00037976959720253944,"y":-0.9934013485908508,"z":0.003288066014647484,"w":-0.11464034765958786},"size":10.042061805725098,"orthographic":false}