{"cameraMode":{"drawMode":0,"name":"Shaded","section":"Shading Mode"},"sceneLighting":true,"audioPlay":false,"sceneViewState":{"showFog":true,"showMaterialUpdate":true,"showSkybox":true,"showFlares":true,"showImageEffects":true,"showParticleSystems":true},"in2DMode":false,"pivot":{"x":613.2816772460938,"y":473.6882629394531,"z":103.30783081054688},"rotation":{"x":0.014630946330726147,"y":-0.293758749961853,"z":0.004508913494646549,"w":0.9557711482048035},"size":218.8238067626953,"orthographic":false}