{"cameraMode":{"drawMode":0,"name":"Shaded","section":"Shading Mode"},"sceneLighting":true,"audioPlay":false,"sceneViewState":{"showFog":true,"showMaterialUpdate":true,"showSkybox":true,"showFlares":true,"showImageEffects":true,"showParticleSystems":true},"in2DMode":false,"pivot":{"x":0.13126707077026368,"y":0.05255957692861557,"z":1.61507248878479},"rotation":{"x":-0.07343634963035584,"y":0.014371886849403382,"z":-0.0010679606348276139,"w":-0.9972055554389954},"size":0.8133630156517029,"orthographic":false}