{"cameraMode":{"drawMode":0,"name":"Shaded","section":"Shading Mode"},"sceneLighting":true,"audioPlay":false,"sceneViewState":{"showFog":true,"showMaterialUpdate":true,"showSkybox":false,"showFlares":true,"showImageEffects":true,"showParticleSystems":true},"in2DMode":false,"pivot":{"x":0.44327616691589358,"y":1.8178415298461915,"z":3.158841133117676},"rotation":{"x":-0.07895999401807785,"y":0.6564170122146606,"z":-0.06938795745372772,"w":-0.7470473647117615},"size":1.196660041809082,"orthographic":false}