{"cameraMode":{"drawMode":0,"name":"Shaded","section":"Shading Mode"},"sceneLighting":true,"audioPlay":false,"sceneViewState":{"showFog":true,"showMaterialUpdate":true,"showSkybox":true,"showFlares":true,"showImageEffects":true,"showParticleSystems":true},"in2DMode":false,"pivot":{"x":-2.2653236389160158,"y":1.305765151977539,"z":13.920406341552735},"rotation":{"x":-0.07427867501974106,"y":0.5014720559120178,"z":-0.04336361959576607,"w":-0.8609967827796936},"size":0.8660253882408142,"orthographic":false}