{"cameraMode":{"drawMode":0,"name":"Shaded","section":"Shading Mode"},"sceneLighting":true,"audioPlay":false,"sceneViewState":{"showFog":true,"showMaterialUpdate":true,"showSkybox":true,"showFlares":true,"showImageEffects":true,"showParticleSystems":true},"in2DMode":false,"pivot":{"x":1.9734410047531129,"y":-4.70344877243042,"z":16.687219619750978},"rotation":{"x":-0.2097860723733902,"y":-0.09660778939723969,"z":0.020828038454055787,"w":-0.9727482795715332},"size":9.12024974822998,"orthographic":false}