{"cameraMode":{"drawMode":0,"name":"Shaded","section":"Shading Mode"},"sceneLighting":true,"audioPlay":false,"sceneViewState":{"showFog":true,"showMaterialUpdate":true,"showSkybox":true,"showFlares":true,"showImageEffects":true,"showParticleSystems":true},"in2DMode":false,"pivot":{"x":-0.7126219272613525,"y":1.52189302444458,"z":0.8220977783203125},"rotation":{"x":-0.03285926207900047,"y":-0.0964009240269661,"z":0.0031045477371662857,"w":-0.9948702454566956},"size":1.4927241802215577,"orthographic":false}