{"cameraMode":{"drawMode":0,"name":"Shaded","section":"Shading Mode"},"sceneLighting":true,"audioPlay":false,"sceneViewState":{"showFog":true,"showMaterialUpdate":true,"showSkybox":true,"showFlares":true,"showImageEffects":true,"showParticleSystems":true},"in2DMode":false,"pivot":{"x":-0.042728833854198459,"y":-0.1600259691476822,"z":0.915846049785614},"rotation":{"x":-0.064468614757061,"y":-0.0035909400321543218,"z":0.00016226194566115737,"w":-0.9979864358901978},"size":0.4059678316116333,"orthographic":false}