{"cameraMode":{"drawMode":0,"name":"Shaded","section":"Shading Mode"},"sceneLighting":false,"audioPlay":false,"sceneViewState":{"showFog":true,"showMaterialUpdate":true,"showSkybox":false,"showFlares":true,"showImageEffects":true,"showParticleSystems":true},"in2DMode":false,"pivot":{"x":-0.7616230845451355,"y":0.34032633900642397,"z":8.025798797607422},"rotation":{"x":-0.11126796156167984,"y":-0.7260333299636841,"z":0.12085213512182236,"w":-0.6678618788719177},"size":1.6330127716064454,"orthographic":false}