{"cameraMode":{"drawMode":0,"name":"Shaded","section":"Shading Mode"},"sceneLighting":true,"audioPlay":false,"sceneViewState":{"showFog":true,"showMaterialUpdate":true,"showSkybox":true,"showFlares":true,"showImageEffects":true,"showParticleSystems":true},"in2DMode":false,"pivot":{"x":-0.0010656323283910752,"y":0.3068157136440277,"z":1.7543185949325562},"rotation":{"x":-0.054585885256528857,"y":-0.006589680444449186,"z":0.0002422924735583365,"w":-0.998572587966919},"size":0.866025447845459,"orthographic":false}