{"cameraMode":{"drawMode":0,"name":"Shaded","section":"Shading Mode"},"sceneLighting":false,"audioPlay":false,"sceneViewState":{"showFog":true,"showMaterialUpdate":true,"showSkybox":false,"showFlares":true,"showImageEffects":true,"showParticleSystems":true},"in2DMode":false,"pivot":{"x":-2.265693187713623,"y":1.1364667415618897,"z":2.7715234756469728},"rotation":{"x":-0.23158983886241914,"y":0.0017619954887777567,"z":-0.00042267763637937605,"w":-0.972821056842804},"size":1.4660253524780274,"orthographic":false}